id,number,external_id,title,plot,poster,season_id,inserted_at,updated_at
3,3,23797,Birds of a Feather,"Jessica heads to San Francisco for the wedding of her niece, Victoria Brandon, only to learn that Victoria is having second thoughts because she suspects that her fiancé, Howard, is having an affair. Although Jessica and Victoria are relieved to learn that Howard isn't cheating but rather dressing up as a woman to perform at a nightclub, the relief is short lived when Howard is arrested for murdering his boss, Al Drake, who had been refusing to pay him. The police are convinced that Drake was shot during Freddy York's act, which doesn't leave a lot of time, but Jessica is determined to prove Howard's innocence.",r2Out1WwCC3rO6FdpaDlX15bdZp.jpg,1,2020-12-13 11:39:59,2021-04-21 18:21:48
4,4,23798,Hooray for Homicide,"Jessica's first book, The Corpse Danced at Midnight, is being made into a major Hollywood motion picture, backed by producer Jerry Lydecker. Jessica is furious to see how her book is being butchered by Lydecker and his crew. She heads out to Hollywood to confront Lydecker, but things take a turn when Lydecker is found dead on stage. Jessica ends up being the prime suspect in the murder, but luckily the officer in charge of the investigation believes she's too smart to be the killer and sets her up to find the real murderer.",4livhJhwpHGqrbRh039EuvKt5WY.jpg,1,2020-12-13 11:39:59,2021-04-21 18:21:48
6,6,23800,Lovers and Other Killers,"While in Seattle lecturing at the university, Jessica is convinced that the young man she hired as her secretary is not a killer.",70wOdFvkFxpSFeYf3XtGjYE4C6b.jpg,1,2020-12-13 11:39:59,2021-04-21 18:21:48
85,19,23874,Just Another Fish Story,Somebody put the maitre d'on ice. Jessica wonders if she has made a bad investment.,in0pxevtrfEMNynTALb6NOl8djQ.jpg,4,2020-12-13 11:40:01,2021-04-21 18:21:48
86,20,23875,Showdown in Saskatchewan,Arson is intended to remove the Rodeo doctor and his patient permanently.,8EQLz7Oz6x7JacRQtWLCr0EUoZX.jpg,4,2020-12-13 11:40:01,2021-04-21 18:21:48
191,15,24044,The Petrified Florist,Was a Beverly Hills florist killed because he was supplying more than flowers for gossip magazine editors?,wejdqBSgdZ6LPUfxM19jTHlfcMA.jpg,9,2020-12-13 11:40:02,2021-04-21 18:21:48
69,3,23860,Witness for the Defense,Jessica goes to Quebec to testify at the trial of a friend who is accused of killing his wife and burning his house.,x9zxWKghqpXljaiTr0TCtwRVhMB.jpg,4,2020-12-13 11:40:00,2021-04-21 18:21:48
70,4,23863,Old Habits Die Hard,A terminally ill nun seems to have committed suicide which would be an unacceptable sin.,16gwChRoVnCm49endtQjcAI5HXw.jpg,4,2020-12-13 11:40:00,2021-04-21 18:21:48
71,5,23790,The Way To Dusty Death,"After the 'accidental' death of a tycoon, his associates battle for position to succeed him.",i8hxm0rO0mFZdYhvGvFJo0PeyUR.jpg,4,2020-12-13 11:40:00,2021-04-21 18:21:48
72,6,23864,It Runs In The Family,Cousin Emma in London has a new problem when someone serves her lover poisoned herring.,5KvO6ACmp0OrunsEgneTMuGXF4i.jpg,4,2020-12-13 11:40:00,2021-04-21 18:21:48
207,9,23993,Murder at a Discount,"A man thinks he should get royalties from a book based on his case, written by Jessica.",chhCl9ZDTxPraYSygmgoOWeGwit.jpg,10,2020-12-13 11:40:02,2021-04-21 18:21:48
243,3,24009,The Secret of Gila Junction,"People in a sleepy Arizona town, are threatened by a truck- stop bandit and suspicious treasure hunters.",hLxDj2YBRbTCNrlHPQd4rnIh2I1.jpg,12,2020-12-13 11:40:03,2021-04-21 18:21:48
244,4,24010,Big Easy Murder,"Jessica travels to New Orleans to research a new novel, but gets caught up in a series of voodoo killings.",h43qm4BfmQCHkz9RJdwXwBuo3S4.jpg,12,2020-12-13 11:40:03,2021-04-21 18:21:48
245,5,24011,Home Care,A nurse under a cloud comes to Cabot Cove. One of her patients is Jessica's best friend Maggie.,3OAFII5qIyT3qS7CNLbnHoevTqG.jpg,12,2020-12-13 11:40:03,2021-04-21 18:21:48
246,6,24012,Nan's Ghost (1),A spooky story set in an old Irish castle where legend has it that there is a ghost and a hidden treasure.,mnhGiS6RUmPntfiQepTGyKFXE1u.jpg,12,2020-12-13 11:40:03,2021-04-21 18:21:48
248,8,24014,Shooting in Rome,A movie set in Rome is the setting for a more than they planned while filming a J.B. Fletcher novel.,zemENtpyc6Q7oQjsUMcLdsn2Nyx.jpg,12,2020-12-13 11:40:03,2021-04-21 18:21:48
249,9,24015,Deadly Bidding,"Jessica agrees to go to New York to bid on a manuscript purportedly by Sir Arthur Conan Doyle, and while there, she gets mixed up in the murder of a local forger who had been involved in the theft of a priceless Degas painting two years earlier when she tries to help Charlie Garrett out of a jam.",7IcvjgVaI0jqxUOAfXJOt1NoGqK.jpg,12,2020-12-13 11:40:03,2021-04-21 18:21:48
250,10,24016,Frozen Stiff,What is the secret ingredient in the ice cream? Jessica means to find out and see that the donation for the literary foundation is paid as promised.,gUbn2vPqex9l8uuOEe9ec9lENjm.jpg,12,2020-12-13 11:40:03,2021-04-21 18:21:48
251,11,24017,Unwilling Witness,Jessica is called to testify before a grand jury after a victim's last phone call was traced to her number.,h6YLTCx4WAAwwPkgfmFMhU40Gv8.jpg,12,2020-12-13 11:40:03,2021-04-21 18:21:48
155,1,23898,Bite the Big Apple,"Jessica heads off to New York to begin teaching and has difficulty finding an apartment. She finally gets one that she likes, only to learn that a murder recently took place in the apartment complex and that someone desperately wants something that is inside her apartment. She's relieved when Seth comes to New York to check up on her, and enlists his help in cracking the case.",y7StEQ1YMGyAWnWHKqn5sn4Ls0O.jpg,8,2020-12-13 11:40:02,2021-04-21 18:21:48
157,3,23900,Unauthorized Obituary,"After Jane Dawson informs Jessica of her plans to write an unauthorized biography on her good friend Ellen Lombard, Ellen's husband Arthur comes under suspicion when Jane's sister and husband find her dead body electrocuted after a T.V. was dropped in her hot tub, and Arthur is seen leaving the house.",8eKyG2t2TMv1DNP5DZeXHv0Wxjp.jpg,8,2020-12-13 11:40:02,2021-04-21 18:21:48
184,8,24037,The Classic Murder,"After a tycoon disappears, a psychic divines that the has been murdered--then she is found dead!",yhqumQBnxOd5GWFziUNTgVVmqxK.jpg,9,2020-12-13 11:40:02,2021-04-21 18:21:48
192,16,24045,Threshold of Fear,A recluse is terrified when the killer she sees in her dreams tries to see her in real life.,rIf6afKUPTp1YoHmkX3wszGphCq.jpg,9,2020-12-13 11:40:02,2021-04-21 18:21:48
193,17,24046,The Big Kill,"The town is concerned when a local fisherman dies, but concern turns to confusion when a second body is discovered aboard a fishing boat. Both men died from carbon monoxide poisoning, but seem to have no connection until the fisherman's daughter receives her father's logbook and nautical charts in the mail.",e8xWuyMYgUB9fkPXac2XDSNLlz0.jpg,9,2020-12-13 11:40:02,2021-04-21 18:21:48
46,2,23840,Death Stalks the Big Top (2),"",s3e2.jpg,3,2020-12-13 11:40:00,2021-04-21 18:21:48
47,3,23844,Unfinished Business,A retired policeman decides to re-examine an old case he never solved in which Seth was a strong suspect.,s3e3.jpg,3,2020-12-13 11:40:00,2021-04-21 18:21:48
68,2,23862,When Thieves Fall Out,A walk down memory lane is anything but pleasant for Jessica when she re-examines a 20 year-old case involving her close friends and former students.,s4e2.jpg,4,2020-12-13 11:40:00,2021-04-21 18:21:48
221,2,23967,Amsterdam Kill,"While on a visit to Amsterdam, Jessica meets up with fellow novelist and old friend Nigel Allison. When Allison goes missing, Colin Biddle, who claims to be Allison's publishing liaison, try to convince her that nothing is wrong. Jessica soon realises that both Nigel and Colin are secret agents, and despite Colin's request for her to stay out of it, Jessica investigates Allison's disappearance and soon convinces a previously reluctant inspector that there is something terribly wrong. At the same time, Philip and Lydia de Kooning are trying to make a deal in diamonds, and when Philip turns up dead after Jessica gets a note supposedly from him, Jessica is the prime suspect in his murder.",4PnbJnW7OKjEvIA0SiANa4jnnga.jpg,11,2020-12-13 11:40:03,2021-04-21 18:21:48
261,21,24027,Race To Death,"Jessica is the honorary commodore of the World's Cup Race, featuring Kyle Kimball's Buccaneer and Ned Larkin's Free Spirit. There is much ill-will and Ned is injured, too much to skipper his craft. His daughter replaces him and then Kyle is killed. This is no way to run a regatta!",o1zRTyhmyn3KmTM4XXOdPSgadhQ.jpg,12,2020-12-13 11:40:03,2021-04-21 18:21:48
262,22,24028,What You Don't Know Can Kill You,"Seth's niece returns to Cabot Cove for her wedding only to have her groom die """"accidentally"""" before the event.",rKjQXmsGaHU000Fe7wsk1eM8ItA.jpg,12,2020-12-13 11:40:03,2021-04-21 18:21:48
38,16,23832,Murder in the Electric Cathedral,Jessica must find the murderer of her close friend whose will is in contention between family and a popular evangelist.,s2e16.jpg,2,2020-12-13 11:40:00,2021-04-21 18:21:48
39,17,23833,One Good Bid Deserves a Murder,A red hot diary of a sex symbol is to be auctioned and some of the bidders are ready to shed blood.,s2e17.jpg,2,2020-12-13 11:40:00,2021-04-21 18:21:48
36,14,23830,Keep the Home Fries Burning,"Jessica, Seth and Amos try out a new tourist-oriented restaurant, and murder interrupts their meal.",s2e14.jpg,2,2020-12-13 11:40:00,2021-04-21 18:21:48
30,8,23824,Dead Heat,Jessica goes to the races to watch her niece ride the winning horse. Then the horse's owner is murdered after a dispute.,s2e8.jpg,2,2020-12-13 11:40:00,2021-04-21 18:21:48
23,1,23817,"Widow, Weep for Me","Jessica's vacation at a Caribbean resort is not solely for pleasure, but to investigate a friend's murder.",s2e1.jpg,2,2020-12-13 11:40:00,2021-04-21 18:21:48
24,2,23818,Joshua Peabody Died Here ... Possibly,"Plans to build a new hotel in Cabot Cove are put on hold when diggers discover an old skeleton that had been buried deeply that many of the townspeople believe to be the remains of Joshua Peabody. Not everyone is thus inclined though, and many people believe it's just a random dead body. But when Jessica and Amos head back to the dig site, they find there's another body there! Jessica not only has to find out who killed Wheatley, she has to help an old friend when his past comes back to haunt him.",s2e2.jpg,2,2020-12-13 11:40:00,2021-04-21 18:21:48
25,3,23819,Murder in the Afternoon,"While filming a soap opera in which Mrs. Fletcher's niece plays a part, a 'pretend' victim is really dead.",s2e3.jpg,2,2020-12-13 11:40:00,2021-04-21 18:21:48
27,5,23821,Sing a Song of Murder,"When cousin Emma's life is threatened, she plays dead and Jessica is summoned to London as the heir to the estate.",s2e5.jpg,2,2020-12-13 11:40:00,2021-04-21 18:21:48
60,16,23854,Death Takes a Dive,Jessica inherits a boxer's contract and her old friend; Harry McGraw is accused of murdering its former owner.,s3e16.jpg,3,2020-12-13 11:40:00,2021-04-21 18:21:48
28,6,23822,Reflections of the Mind,"Jessica decides to pay a visit to her long-time friend Francesca, only to learn that Francesca, who is now married to a much younger man, is convinced that she is being haunted by the ghost of her first husband, Ross. When her new husband, Scott, turns up dead, the investigation reveals that he had been poisoned, and suspicion turns to Francesca. Jessica, however, is determined to prove that her friend did not commit the crime, and begins looking into the mysterious re-appearances of her dead husband.",s2e6.jpg,2,2020-12-13 11:40:00,2021-04-21 18:21:48
29,7,23823,A Lady in the Lake,"While spending time at a lake, Jessica sees what appears to be a struggle and a woman falling from a boat into the lake.",s2e7.jpg,2,2020-12-13 11:40:00,2021-04-21 18:21:48
31,9,23825,Jessica Behind Bars,"Doing public service, Jessica becomes a hostage in a prison riot caused by anger in the handling of the doctor's murder.",s2e9.jpg,2,2020-12-13 11:40:00,2021-04-21 18:21:48
32,10,23826,Sticks & Stones,"",s2e10.jpg,2,2020-12-13 11:40:00,2021-04-21 18:21:48
33,11,23827,Murder Digs Deep,An archaeological dig at the site of Coronado's City of Gold does not please everyone and a new corpse is dug up.,s2e11.jpg,2,2020-12-13 11:40:00,2021-04-21 18:21:48
34,12,23828,Murder by Appointment Only,One of Jessica's former students is murdered and she takes a personal interest in the investigation.,s2e12.jpg,2,2020-12-13 11:40:00,2021-04-21 18:21:48
35,13,23829,Trial by Error,It's a bad day for the jurors when Jessica is the foreperson of the jury hearing the case of a man claiming self-defense in the death of an enraged husband.,s2e13.jpg,2,2020-12-13 11:40:00,2021-04-21 18:21:48
40,18,23834,If A Body Meet A Body,Investigation of a claim that the deceased was murdered leads the police to discover that the wrong body is in the coffin.,s2e18.jpg,2,2020-12-13 11:40:00,2021-04-21 18:21:48
41,19,23835,Christopher Bundy -- Died On Sunday,"Jessica and Grady head to the home of publisher Christopher Bundy, whose publishing company owns the rights to Jessica's first short story. Jessica is quite upset, as Bundy's magazine is known for it's racy pictures of young women. While there, Jessica is pleased to run into an old acquaintance, Chester Harrison, and when Harrison is accused of murdering Christopher Bundy, Jessica vows to prove his innocence but runs into trouble when the family isn't interested in having their own skeletons dragged out of the closet.",s2e19.jpg,2,2020-12-13 11:40:00,2021-04-21 18:21:48
42,20,23836,"Menace, Anyone?",Who was the intended victim when a tennis star is blown up in his girl friend's car?,s2e20.jpg,2,2020-12-13 11:40:00,2021-04-21 18:21:48
43,21,23837,The Perfect Foil,"At the request of aunt Mildred, Jessica agrees to stop by New Orleans to check on cousin Cal while on her way to Houston. No sooner does Jessica get to New Orleans then she is tossed into a Mardi Gras party where the host ends up dead, and Cal is accused of the crime. While attempting to clear Cal's name and reputation, Jessica delves into the world of cheating poker players, cheating girlfriends and vengefilled police officers while trying to convince a local lieutenant that Cal is not capable of murder.",s2e21.jpg,2,2020-12-13 11:40:00,2021-04-21 18:21:48
44,22,23838,If the Frame Fits,"After Julia Marcus Granger is found murdered during what seems to have been an apparent art theft, suspicion turns to her husband Donald, who, as a result, also ends up being suspected in a recent rash of art thefts where there were no fatalities. Julia's sister Sabrina is convinced that Donald didn't do it and begs Jessica for help. While looking into Julia's murder, Jessica realises that she has two completely different criminals on her hands, and someone tampered with the scene of Julia's murder to make it look like something else.",s2e22.jpg,2,2020-12-13 11:40:00,2021-04-21 18:21:48
45,1,23839,Death Stalks the Big Top (1),"",s3e1.jpg,3,2020-12-13 11:40:00,2021-04-21 18:21:48
48,4,23845,One White Rose for Death,"Attending a concert in Washington, D.C., Jessica gets involved with two East German defectors and a murder.",s3e4.jpg,3,2020-12-13 11:40:00,2021-04-21 18:21:48
49,5,23846,Corned Beef And Carnage,An adman handling the account of a fast-food chain is murdered and Jessica smells something funny.,s3e5.jpg,3,2020-12-13 11:40:00,2021-04-21 18:21:48
50,6,23847,Dead Man's Gold,"While diving for sunken treasure near Cabot Cove, a young woman is murdered.",s3e6.jpg,3,2020-12-13 11:40:00,2021-04-21 18:21:48
51,7,23841,Deadline for Murder,"A veteran reporter, who suffered a heart attack, says his best medicine would be the removal of his publisher who has turned a good paper into a yellow rag.",s3e7.jpg,3,2020-12-13 11:40:00,2021-04-21 18:21:48
52,8,23842,Magnum on Ice (II),"Jessica offers to help Thomas Magnum, who has been accused of killing a hitman with an unknown target.

The crossover starts on Magnum, P.I. S07E09 Novel Connection (I).",s3e8.jpg,3,2020-12-13 11:40:00,2021-04-21 18:21:48
54,10,23849,Stage Struck,"The murder of the leading lady's understudy disrupts rehearsals of a play starring two previously married, but now warring, actors.",s3e10.jpg,3,2020-12-13 11:40:00,2021-04-21 18:21:48
55,11,23850,Night of the Headless Horseman,"The 'headless' horseman rides again, but his costume becomes more realistic.",s3e11.jpg,3,2020-12-13 11:40:00,2021-04-21 18:21:48
56,12,23851,The Corpse Flew First Class,Theft and murder of the courier occur on board a jet bound for London.,s3e12.jpg,3,2020-12-13 11:40:00,2021-04-21 18:21:48
57,13,23852,Crossed Up,The phone wires get crossed during a storm and Jessica can't convince anyone that what she heard was real.,s3e13.jpg,3,2020-12-13 11:40:00,2021-04-21 18:21:48
58,14,23853,Murder in a Minor Key,Jessica tells the tale of a composer accused of killing the professor who plagiarized his music.,s3e14.jpg,3,2020-12-13 11:40:00,2021-04-21 18:21:48
59,15,23789,The Bottom Line Is Murder,A lying TV Consumer advocate is killed. Was it done by one of the clients whose products he maligned?,s3e15.jpg,3,2020-12-13 11:40:00,2021-04-21 18:21:48
61,17,23855,"Simon Says, Color Me Dead",An artist is murdered and his prized painting is missing.,s3e17.jpg,3,2020-12-13 11:40:00,2021-04-21 18:21:48
62,18,23856,No Laughing Murder,"After the engagement party for the offspring of two estranged comics, someone is found dead.",s3e18.jpg,3,2020-12-13 11:40:00,2021-04-21 18:21:48
63,19,23857,No Accounting for Murder,"Grady Fletcher is in big trouble when his boss, a specialist in tax shelters, is found dead and he is the main suspect.",s3e19.jpg,3,2020-12-13 11:40:00,2021-04-21 18:21:48
64,20,23843,The Cemetery Vote,"First, the reform mayor dies in an """"accident"""" and then the mayor's father is murdered after he demands an investigation of the """"accident"""".",s3e20.jpg,3,2020-12-13 11:40:00,2021-04-21 18:21:48
65,21,23858,The Days Dwindle Down,"Thirty years ago, Sam Wilson was sent to prison for murdering his boss, Malcolm Jarvis. After finally being released, Sam goes home to his wife and now-grown son who is expecting his first child with his wife, Terry. At Georgia Jarvis' request, Jessica looks into the crime, and through flashbacks, Sam remembers when Jarvis had offered him $10,000 to make his suicide look like murder. While Jessica believes that Sam is innocent, she doesn't believe it was suicide, and asks Sam's son Rod, a police officer, to lend a hand.",s3e21.jpg,3,2020-12-13 11:40:00,2021-04-21 18:21:48
66,22,23859,"Murder, She Spoke","During a short black-out in the studio where Jessica is recording a book for the blind, the studio co-owner is murdered.",s3e22.jpg,3,2020-12-13 11:40:00,2021-04-21 18:21:48
26,4,23820,School for Scandal,"When Jessica is offered an honorary degree from Crenshaw University, she has no idea she's about to become embroiled in a murder. After the boyfriend of (in)famous writer Daphne Clover is found murdered, Jessica agrees to assist the chief of police, who has never had a murder case before, find out who the killer is. She soon has more on her plate than she bargained for when first Daphne's mother confesses, then Daphne herself confesses. Jessica realises the two women are simply trying to protect each other, and begins to look at the faculty at the university.",s2e4.jpg,2,2020-12-13 11:40:00,2021-04-21 18:21:48
37,15,23831,Powder Keg,"After their car breaks down after dinner with the governor, Jessica and her friend Ames Caufield find themselves in a small southern town just in time for local bad boy Ed Bonner to be found dead, and young Matt Burns, the son of a former student of Ames', ends up accused of the murder. At the behest of Linda Bonner, the victim's sister who happens to care deeply about the accused, Jessica takes a look into the murder, but hatred runs deep in this town and it's pure luck (and Andy Crane) that leads Jessica and Ames to the right answer.",s2e15.jpg,2,2020-12-13 11:40:00,2021-04-21 18:21:48
53,9,23848,Obituary for a Dead Anchor,"Jessica reluctantly agrees to do an interview for an old friend, Paula Roman, but is surprised when Kevin Keats, a journalist who had been doing a series of stories on an art dealer who was really a drug dealer, shows up to do the interview, complete with cameras and crew. After Kevin is presumed dead when a boat Amos chartered for him explodes, Cabot Cove explodes with press and paparazzi, and the citizens blame Jessica for all the problems it causes, demanding that she solve the mystery. Unfortunately, once Keats is revealed to be alive and well, the real question is who the true target was.",s3e9.jpg,3,2020-12-13 11:40:00,2021-04-21 18:21:48
5,5,23799,It's a Dog's Life,"While visiting her cousin at Langley Manor, a country estate in the South, a man dies during a fox-hunt under strang circumstances, and Jessica tries to find out what really happened.",ih0NKecfdOdBJHfkssrdJE26qId.jpg,1,2020-12-13 11:39:59,2021-04-21 18:21:48
7,7,23801,"Hit, Run and Homicide",Jessica helps a most unconventional neighbor who is accused of murdering his former partner with one of his inventions.,nV5Wy265xP5e9CVPiTU4bnUqt6a.jpg,1,2020-12-13 11:39:59,2021-04-21 18:21:48
8,8,23802,We're Off to Kill the Wizard,"Jessica is asked to help solve the ""impossible"" murder of a wealthy, and much disliked, amusement park owner.",owoVnTRsSfSEmGqwtbXb3qlj83L.jpg,1,2020-12-13 11:39:59,2021-04-21 18:21:48
9,9,23803,Death Takes a Curtain Call,"While attending a special ballet performance, Jessica helps solve the backstage murder of a young dancer by a defecting ballerina.",tw27Xp6jwjVFcMAl0mUliAz1wp4.jpg,1,2020-12-13 11:39:59,2021-04-21 18:21:48
10,10,23804,Death Casts a Spell,"Jessica's deductive abilities are in demand when a flamboyant hypnotist turns up dead, behind locked doors, in front of an audience of journalists whom he had put into a trance.",evSxI09JljWIYV4f534k4iB7Wk.jpg,1,2020-12-13 11:39:59,2021-04-21 18:21:48
11,11,23814,Capitol Offense,Jessica is assigned to fill the empty seat of a deceased congressman for a brief period of time and finds a great deal of political game-playing in Washington.,e088OmEDstuhTQPksu5JCOnuVJQ.jpg,1,2020-12-13 11:39:59,2021-04-21 18:21:48
12,12,23786,Broadway Malady,"Broadway legend Rita Bristol and her daughter star in a musical produced by her son, not knowing that murder is lurking in the wings.",4Gp2vqbS5XyFyx0nX4SLNzsZSAB.jpg,1,2020-12-13 11:39:59,2021-04-21 18:21:48
133,1,23879,Trials & Tribulations,Jessica is blamed for the death of an escapee who was wrongly convicted.,3ggVxdxWnnwmyYu3oDQHONrWoHw.jpg,7,2020-12-13 11:40:01,2021-04-21 18:21:48
13,13,23805,Murder to a Jazz Beat,"While in New Orleans, Jessica must solve the mysterious murder of a famous musician who died while performing onstage.",3WPVowt2y64rLn47cQS8KoS7gE1.jpg,1,2020-12-13 11:39:59,2021-04-21 18:21:48
14,14,23806,My Johnny Lies Over the Ocean,Jessica's niece is terrorized on a cruise intended to take her mind off her husband's recent death...or is he dead?,wWPJOyCZMlX2zZKSaANukD1fTCG.jpg,1,2020-12-13 11:39:59,2021-04-21 18:21:48
15,15,23807,Paint Me a Murder,The life of a famous artist is threatened on what would be otherwise an idyllic Mediterranean island.,wwC3YpPFKxcph2jD1RwAbItnqo.jpg,1,2020-12-13 11:39:59,2021-04-21 18:21:48
16,16,23787,Tough Guys Don't Die,Jessica meets Harry McGraw and they figure out which one of three cases may contain the motive for the death of a private detective. One dates back 25 years.,j3p5kqm4E2URC2A44uFM4iDO5nc.jpg,1,2020-12-13 11:40:00,2021-04-21 18:21:48
17,17,23808,Sudden Death,Jessica suddenly must learn all about football when she inherits an interest in a professional team.,uo7kN207oRfTHCAOK5r5IXxikVY.jpg,1,2020-12-13 11:40:00,2021-04-21 18:21:48
18,18,23809,Footnote to Murder,An unpublished manuscript is stolen and its author murdered during an awards convention.,9TaA4GzjSCSHvyso5CJlvHCyEjz.jpg,1,2020-12-13 11:40:00,2021-04-21 18:21:48
19,19,23810,Murder Takes the Bus,"Bus trips are not always as relaxing as they should be. In this case, one passenger had a one-way ticket.",Ik3vICpfJ0zvph7L7WEIEd1Mej.jpg,1,2020-12-13 11:40:00,2021-04-21 18:21:48
20,20,23811,Armed Response,"Over Jessica's protests, she is taken to a hospital after a minor accident in the airport.",6i5ndMzVKMAQiD1VgGMNmUByljY.jpg,1,2020-12-13 11:40:00,2021-04-21 18:21:48
21,21,23812,Murder at the Oasis,An unpopular show-business personality discovers that elaborate security systems are no guarantee of safety.,fqRZBVrF3mdAEbRWstR7eFiLLsr.jpg,1,2020-12-13 11:40:00,2021-04-21 18:21:48
22,22,23813,Funeral at Fifty-Mile,"A Wyoming rancher leaves all to an ill-fated stranger, to the disgust of his disinherited daughter.",46PyaZ4dT7BrcoNUQGPchEOs65V.jpg,1,2020-12-13 11:40:00,2021-04-21 18:21:48
83,17,23793,A Very Good Year for Murder,The Gambini family gathers to celebrate the 75th birthday of the patriarch and a murder.,wPtAb3FZqI7wrNefcef2rXoqCnO.jpg,4,2020-12-13 11:40:01,2021-04-21 18:21:48
84,18,23873,Benedict Arnold Slipped Here,Someone wants the old historic house enough to kill for it and its supposed hidden treasure AND Jessica is executor of the late owner's will.,cLyudzvB9YIu2cL7w11iqoPPee.jpg,4,2020-12-13 11:40:01,2021-04-21 18:21:48
73,7,23865,"If It's Thursday, It Must Be Beverly","When Deputy Martin becomes a widower by murder, the investigation turns up some surprising activity.",dGEitlnWdhnJHeSKnvZa0I4qndF.jpg,4,2020-12-13 11:40:00,2021-04-21 18:21:48
74,8,23866,Steal Me a Story,The special effects used by a TV producer are a real bomb.,8hqzxUUvtIjS8Hni36iAxrKYg5G.jpg,4,2020-12-13 11:40:00,2021-04-21 18:21:48
75,9,23867,Trouble in Eden,Hostility and other surprises await Jessica in a town where she's posing as her friend to investigate the rumoured murder of the friend's sister.,o4q2uhIQjpFxPWlpXJzduuBfS1y.jpg,4,2020-12-13 11:40:00,2021-04-21 18:21:48
76,10,23791,Indian Giver,"A resident of Cabot Cove threatens the Native American who claims to own the land, and later is found dead.",dmc01QlayqQhyBPcn3ItwCqX2Cw.jpg,4,2020-12-13 11:40:00,2021-04-21 18:21:48
77,11,23792,Doom with a View,Grady gets into a spot again when he is found with the body of woman known from college days and now had been dating a frat brother who was married.,lxG4u3liQXIV7qXpoSRrHGcpuJe.jpg,4,2020-12-13 11:40:00,2021-04-21 18:21:48
78,12,23868,Who Threw the Barbitals in Mrs. Fletcher's Chowder?,Somebody laced Mrs. Fletcher's chowder and Amos' brutish brother-in-law was in for the long sleep.,vaJ89kC5GcYyvRXfufxSYfhdhNY.jpg,4,2020-12-13 11:40:00,2021-04-21 18:21:48
79,13,23869,Harbinger of Death,"Jessica is thrilled to be visiting her niece Carrie and her husband Leonard, an astronomer dreaming of seeing a long-lost comet, but when Carrie's ex-boyfriend Drake Eaton is murdered in the home she's been staying in, Jessica has to prove not only her niece but also her husband innocent of murder.",uVf8V25CSBJAB95hVI4ppSG5sTP.jpg,4,2020-12-13 11:40:00,2021-04-21 18:21:48
80,14,23870,Curse of the Daanav,Seth's family is touched by an ancient curse attached to the history of a ruby.,uO07Ms9sAVYcbDHvBijO0xqNova.jpg,4,2020-12-13 11:40:00,2021-04-21 18:21:48
81,15,23871,Mourning Among the Wisterias,"Jessica visits her old friend Eugene McClendon, who soon stands accused of the murder of an old friend, Jonathan Keeler. While helping clear Eugene's name, Jessica learns that her friend believes he is dying, and is surprised when he asks her to marry him so that she can look after his affairs once he's gone. Jessica agrees, but only so that they can expose Jonathan's true killer.",r2PI90RYXVV0rMRfj4GsK2dI5qs.jpg,4,2020-12-13 11:40:01,2021-04-21 18:21:48
82,16,23872,Murder Through the Looking Glass,"Jessica gets herself into a mess of trouble after overhearing the dying words of a professional hitman. When she investigates the murder of Adam Cosgrove, she soon discovers that no one seems to want to admit he's missing, let alone dead. With the help of a prickly police sergeant and a priest who isn't quite what he seems, Jessica discovers that the man who was killed was in charge of leading a top-secret government mission to protect a foreign diplomat, and that someone in the safehouse has gone to the other side.",mrhMtXQL8929OrpbvYdCJfvQlx5.jpg,4,2020-12-13 11:40:01,2021-04-21 18:21:48
88,22,23877,The Body Politic,The suicide of a campaign manager who is suspected of having an affair with a married woman excites the press.,iKeoghpLjRw4xrjV80VATsm1knH.jpg,4,2020-12-13 11:40:01,2021-04-21 18:21:48
89,1,23944,J.B. As in Jailbird,A colossal mix-up puts Jessica in jail as a suspect in a murder only she witnessed. British agent Hagarty returns.,7a5iFYmkjq1Mg2nR7IpSSpI3N8f.jpg,5,2020-12-13 11:40:01,2021-04-21 18:21:48
90,2,23945,A Little Night Work,A senatorial hopeful is murdered and his wife's necklace stolen.,qa56JzDOKdCoLBItFHr0WeUxewG.jpg,5,2020-12-13 11:40:01,2021-04-21 18:21:48
91,3,23946,Mr. Penroy's Vacation,The sisters used a new type of fertilizer to make their chrysanthemums best of show.,5f1JA5L7vaUV8nTgHxBIT3Mr5gW.jpg,5,2020-12-13 11:40:01,2021-04-21 18:21:48
92,4,23947,"Snow White, Blood Red","A blizzard interrupts a skiing vacation and traps everyone, including a killer.",4jgc6FbQ1CCGxVM3DGEbq3OsBk.jpg,5,2020-12-13 11:40:01,2021-04-21 18:21:48
93,5,23948,Coal Miner's Slaughter,The coal miner's daughter thinks the mine owner is responsible for her father's death and someone takes action.,ssxGRQTqgy36oUBgxX3Z5uo3NtG.jpg,5,2020-12-13 11:40:01,2021-04-21 18:21:48
95,7,23950,The Last Flight of the Dixie Damsel,The airplane her late husband bailed out of in 1952 has finally been found -- with a body inside.,xBxw1W069hot6x4YIcP4x2awbE8.jpg,5,2020-12-13 11:40:01,2021-04-21 18:21:48
96,8,23951,Prediction: Murder,"A psychic's predictions have come true, convincing a rancher's daughter that the next one, a fatal fire, will happen.",5AKH8jIihLVhXg03BPZyQ4YIEhj.jpg,5,2020-12-13 11:40:01,2021-04-21 18:21:48
97,9,23952,"Something Borrowed, Someone Blue",Grady's wedding seems doomed when someone does in the persnickety housekeeper.,7B85aWqvYp8kTkHaCmWC2lzWbXf.jpg,5,2020-12-13 11:40:01,2021-04-21 18:21:48
98,10,23953,Weave a Tangled Web,Things look bad when a married woman's keys are found by the body in a motel room and she can't explain why.,gNbB4d6FBcmdAD2LlpVb5lFRe6B.jpg,5,2020-12-13 11:40:01,2021-04-21 18:21:48
99,11,23954,The Search for Peter Kerry,A long missing heir turns up and trouble ensues.,jNWgPpk023XNzG4kLy7XVdS0s21.jpg,5,2020-12-13 11:40:01,2021-04-21 18:21:48
100,12,23955,Smooth Operators,"When a drunk is found dead in the alley, it raises a lot of questions. He was well dressed (but only one shoe) and had no id or money--a robbery or something else?",87oEGdjcUnRVCfKO1AIP2YV4oWf.jpg,5,2020-12-13 11:40:01,2021-04-21 18:21:48
101,13,23956,"Fire Burn, Cauldron Bubble",A very attractive young witch appears in Cabot Cove making some residents wonder if she really died a century or so ago.,j2VuHhwIYjcdRBhn6qkXRTNBpyU.jpg,5,2020-12-13 11:40:01,2021-04-21 18:21:48
102,14,23957,From Russia ... With Blood,A purse snatcher gets Jessica in big trouble in Moscow. What they found in her purse shouldn't have been there.,u0UhaiuWeuBL96cWiAD7AqJDr0r.jpg,5,2020-12-13 11:40:01,2021-04-21 18:21:48
103,15,23958,Alma Murder,"An old English professor is caught red-handed over a young girl's body and insists he did it, but a young man later confesses. Whodunit?",pZ5IW0DUakS0zvDMvgC2sQElQyV.jpg,5,2020-12-13 11:40:01,2021-04-21 18:21:48
104,16,23959,Truck Stop,Walter tells his story by way of black and white flashbacks which makes an interesting change from the usual. He has made a tape of the events that ended with his murder and we see the events unfold.,bYSDowX52wMxPQ0DpQnLh7sDus.jpg,5,2020-12-13 11:40:01,2021-04-21 18:21:48
105,17,23960,The Sins of Castle Cove,"A red hot novel, written by a former Fletcher student, seems to expose the small town's secrets and inspires murder. Julie Adams, Gloria DeHaven, Kathryn Grayson and Ruth Roman appear again as the local gossips.",9aajhbESDWcZu42O0EigyQZzxvI.jpg,5,2020-12-13 11:40:01,2021-04-21 18:21:48
106,18,23961,Trevor Hudson's Legacy,A small town editor in Montana threatens to claim in public that he is the real author of a dead man's manuscript.,t0xJBSs9AasdY5JOTspONdYdw0K.jpg,5,2020-12-13 11:40:01,2021-04-21 18:21:48
107,19,23962,Double Exposure,"In a strange case, Jessica bumps into an old friend who is supposed to be dead. His widow insists he is dead and Jessica hires Harry McGraw to investigate.",lsmFDVmj4I5PU7DcCxuo8uTwo3x.jpg,5,2020-12-13 11:40:01,2021-04-21 18:21:48
108,20,23963,"Three Strikes, You're Out",A surprised burglar is blamed for the death of the team's pre-game TV Host.,99se5VeVyL1uSOERXforyr4bz4e.jpg,5,2020-12-13 11:40:01,2021-04-21 18:21:48
109,21,23942,"Mirror, Mirror, On the Wall (1)","",ijYGJvuTD3wrIXFcZMMrrqCJkkJ.jpg,5,2020-12-13 11:40:01,2021-04-21 18:21:48
110,22,23943,"Mirror, Mirror, On the Wall (2)","",cY5hUfA3oaNDRJVRUFTOaLjIFEO.jpg,5,2020-12-13 11:40:01,2021-04-21 18:21:48
111,1,23920,Appointment in Athens,"Jessica's old friend, Michael Hagarty, persuades her to play a part in his scheme to free a fellow agent from captivity.",oXwaIldyevhKEwMvzZNBXUfkdWC.jpg,6,2020-12-13 11:40:01,2021-04-21 18:21:48
112,2,23921,Seal of the Confessional,A parishioner's confession to a priest is confidential and nothing will make him break his oath.,77djcPjoBbKorrzJYvaH2SPyte2.jpg,6,2020-12-13 11:40:01,2021-04-21 18:21:48
113,3,23922,The Grand Old Lady,"When a famous mystery writer dies, Jessica recalls a 1947 case that the writer was personally involved in.",d5MhbTzurX5lNz3RZusjAylsw7D.jpg,6,2020-12-13 11:40:01,2021-04-21 18:21:48
114,4,23923,The Error of Her Ways,"When the wife of a developer is accused of killing her husband and commits suicide, it leaves the whereabouts of his embezzled millions a mystery.",kfLGkXWlWpkEvfhVaWTmfkg666R.jpg,6,2020-12-13 11:40:01,2021-04-21 18:21:48
115,5,23924,Jack & Bill,"A former athlete cares for a friend's dog and, after his friend is murdered, finds the dog is a target.",gUnEJSBYNLrbJiqEotJ7jLkumOS.jpg,6,2020-12-13 11:40:01,2021-04-21 18:21:48
116,6,23925,Dead Letter,An unsent letter turns up in an old bureau bought at a rummage sale the same day arson occurs in a furniture store. Are these events connected?,v7yHrRsqACfN0XOvQVXAjbXicbL.jpg,6,2020-12-13 11:40:01,2021-04-21 18:21:48
117,7,23926,Night of the Tarantula,"A voodoo curse of death caused by the marriage of a plantation heir to the wrong person, sets off a string of events in Jamaica.",zTQfKWj9AniFqHsGCXzPHFXE61k.jpg,6,2020-12-13 11:40:01,2021-04-21 18:21:48
118,8,23927,When the Fat Lady Sings,The backstage activities are more exciting than the opera as a famous tenor suffers a heart attack after a shooting.,1XTZHw7WoCATuK1eKrnl6fKUuBL.jpg,6,2020-12-13 11:40:01,2021-04-21 18:21:48
119,9,23928,Test of Wills,A wealthy lumberman invites Jessica to his island retreat to discover which of his relatives is trying to kill him.,3LZQEU3CSDMlgGwAgFNY6IOps3N.jpg,6,2020-12-13 11:40:01,2021-04-21 18:21:48
120,10,23929,Class Act,A homicide detective is farmed out to teach a class. His opening speech reduces his class to two. Together they work on a special 'closed' case as their term project.,w5ZZEQxN63dKIqtCH9HTeyZwvU3.jpg,6,2020-12-13 11:40:01,2021-04-21 18:21:48
121,11,23930,Town Father,"The town gets a shock when bachelor Mayor Sam is confronted on the speaker's platform by a young woman claiming he is the father of her five children. Julie Adams, Gloria De Haven, Kathryn Grayson and Ruth Roman return as gossips Eve, Phyllis, Idal and Loretta.",ngcfqxd8wO7LXe7TQJIBqYW4jPl.jpg,6,2020-12-13 11:40:01,2021-04-21 18:21:48
123,13,23932,If the Shoe Fits,A single mother is accused of killing the landlord that is always harassing her.,awcdAuzjhs2RNtWQ3KMRrYOwB9Z.jpg,6,2020-12-13 11:40:01,2021-04-21 18:21:48
124,14,23933,How To Make a Killing Without Really Trying,"Jessica is trying to learn to invest, but this wasn't the best day for it.",3MXShdHRUFgsnjFOnngU7EZdOFw.jpg,6,2020-12-13 11:40:01,2021-04-21 18:21:48
125,15,23934,The Fixer-upper,"Jessica's niece, who is a real estate broker, arrives at the mansion and finds a body instead of a buyer.",cE7jKWXwyE7a9EBQ7lkhgQbBw7e.jpg,6,2020-12-13 11:40:01,2021-04-21 18:21:48
126,16,23935,The Big Show of 1965,"Twenty five years after a show in which a stabbing occurred, the cast is reunited and a mystery woman reappears, seeming to accuse Barry.",guvqicwtu59Lv4of3PZcenuGoE8.jpg,6,2020-12-13 11:40:01,2021-04-21 18:21:48
127,17,23936,Murder: According to Maggie,The producer of a police drama investigates the murder of a programmer who differed with her.,t6oJlei2KVOi2iNA6QmkAk44HtV.jpg,6,2020-12-13 11:40:01,2021-04-21 18:21:48
128,18,23937,O'Malley's Luck,An Irish detective does not believe the death of a real estate mogul was suicide.,3cmYbO9jbnVCgGaAUKEwYw37ikV.jpg,6,2020-12-13 11:40:01,2021-04-21 18:21:48
129,19,23938,Always a Thief,"Insurance investigator Dennis Stanton, who uses his skills as an ex-thief to solve crimes, returns to investigate a theft and two murders.",zzqKGz2kpvjXufqZKEgjKmW1J25.jpg,6,2020-12-13 11:40:01,2021-04-21 18:21:48
131,21,23940,The Szechuan Dragon,Grady and his pregnant wife are tending Jessica's house in her absence when an old seaman is killed in her front room.,4Gn4eBmajzFEWCQVSfVa1H1i5XQ.jpg,6,2020-12-13 11:40:01,2021-04-21 18:21:48
132,22,23941,The Sicilian Encounter,Michael Hagarty is involved in a case in Sicily which has many twists and turns including the Mafia.,rsBJs6hksv3qS5vesQVB4BwULF7.jpg,6,2020-12-13 11:40:01,2021-04-21 18:21:48
134,2,23794,Deadly Misunderstanding,A young reporter is persuaded to help a typist alter the evidence and move her husband's body.,jpd4WFCukPqnIVPi26vByYkjNqv.jpg,7,2020-12-13 11:40:01,2021-04-21 18:21:48
135,3,23880,"See You in Court, Baby",Jessica introduces this story of a lawyer with many enemies who is the victim and Dennis who must investigate.,9Pq4vaNbvYghit3OiVRhykwesRp.jpg,7,2020-12-13 11:40:01,2021-04-21 18:21:48
136,4,23881,Hannigan's Wake,A journalist died before finishing his book trying to show a man was unjustly convicted of murder 16 years ago. Jessica is asked to use his notes to finish his book.,8Km1tgncg9baj1oJri4RFteSMcu.jpg,7,2020-12-13 11:40:01,2021-04-21 18:21:48
137,5,23882,The Family Jewels,"A wealthy woman's passion for jewellery, not always hers, and her involvement with the chauffeur might be connected",l5clreShEqVXAXnDQz4raB7MbtF.jpg,7,2020-12-13 11:40:01,2021-04-21 18:21:48
138,6,23883,A Body to Die For,"Eve is appalled to find the body of a friend of the local gym owner in her bedroom, but at a loss to explain it.",6jryjnxl88YN8WN92XVvWuNRD7O.jpg,7,2020-12-13 11:40:01,2021-04-21 18:21:48
139,7,23878,The Return of Preston Giles,This time it is the company controller that seems to have been the victim of the previously convicted publisher.,rf977Yv7Fa9PQpU6Gk8BAjNQEfP.jpg,7,2020-12-13 11:40:01,2021-04-21 18:21:48
140,8,23884,The Great Twain Robbery,Proving a burnt Mark Twain manuscript is a fake is the reason for a book expert's murder.,9ACDriygVe4r6rd7DCdWgx8fjm6.jpg,7,2020-12-13 11:40:01,2021-04-21 18:21:48
141,9,23885,Ballad for a Blue Lady,Jimmy Dean plays a country-music star who's the victim in this story.,lqqmrkdPDfuVFahfp7k9jq5AtQc.jpg,7,2020-12-13 11:40:01,2021-04-21 18:21:48
142,10,23886,Murder in F Sharp,Jessica plays a tape sent to her by Dennis. Bad luck follows a famous concert pianist as he burns his hands and then loses his wife.,czwQXuftlVDEwABN7YKVsOFtgJA.jpg,7,2020-12-13 11:40:01,2021-04-21 18:21:48
143,11,23887,Family Doctor,"In Boston, Jessica and Seth are captured by the angry son of one of Seth's patients who didn't survive.",9CoJWfX9tiUVNQR9tJ6EQESmwJe.jpg,7,2020-12-13 11:40:01,2021-04-21 18:21:48
144,12,23888,Suspicion of Murder,Dennis is suspected in the murder of the husband of an old flame with whom he has been spending some time.,cJMrRwNFDTmeZhQgXOlcDOrXknp.jpg,7,2020-12-13 11:40:01,2021-04-21 18:21:48
145,13,23889,Moving Violation,An influential father cuts no ice with Sheriff Metzger.,moIW67J7K7dbkfswzQfQGpxZPKK.jpg,7,2020-12-13 11:40:01,2021-04-21 18:21:48
146,14,23890,Who Killed J.B. Fletcher?,A snoopy fan in Texas impersonates Jessica when she starts investigating a potential dog show scandal and Jessica is reported dead.,xnrEjaF3tnAMVeFn0tvnMv2Ysk6.jpg,7,2020-12-13 11:40:01,2021-04-21 18:21:48
147,15,23891,The Taxman Cometh,"The owner of Edna's Pies near St. Louis, is accused of skimping on her IRS payments. She in turn blames her ex-husband who, consequently, is found murdered.",oKa65qHUE5kxhGZk4QA3eOL4a6p.jpg,7,2020-12-13 11:40:01,2021-04-21 18:21:48
148,16,23892,From the Horse's Mouth,An argument over stud fees ends in murder.,v8BVQ0IlPsEkPW16CpwMSUNTcIb.jpg,7,2020-12-13 11:40:01,2021-04-21 18:21:48
149,17,23893,The Prodigal Father,"A bank robber, long thought dead, returns to see his daughter and face the wrath of the townspeople.",pqezW5bQ1TYyILEbkwoGqcV2Kox.jpg,7,2020-12-13 11:40:01,2021-04-21 18:21:48
150,18,23894,"Where Have You Gone, Billy Boy?",A locked room mystery with the missing ventriloquist's dummy found with the Club owner's corpse.,cuExQEBuLnNyZJH1GPDWP2xlyQy.jpg,7,2020-12-13 11:40:01,2021-04-21 18:21:48
151,19,23895,Thursday's Child,A woman turns up claiming that Jessica's late husband was the father of her child and he is in deep trouble involving fraud in his construction company and murder.,4F4Q0NcIdeU0jAN4QbzsudgP42E.jpg,7,2020-12-13 11:40:01,2021-04-21 18:21:48
152,20,23896,"Murder, Plain & Simple","When Jessica visits the Amish to buy a quilt, she finds they are not immune to murder.",1N1KJpjrZtHn4MCTo3qp0IBsyFp.jpg,7,2020-12-13 11:40:01,2021-04-21 18:21:48
153,21,23795,Tainted Lady,"The owner of a diner is accused of using too much 'spice' in the food, when someone finds arsenic.",gE6GHuc4OKbK0tiIfHdxEAyoSpk.jpg,7,2020-12-13 11:40:01,2021-04-21 18:21:48
154,22,23897,The Skinny According to Nick Cullhane,The brewery family is angry when they find out the writer acting as spokesperson for them has written an expose.,d9dJgZ89gtjlPSnbc9pcwrLQ9y6.jpg,7,2020-12-13 11:40:01,2021-04-21 18:21:48
156,2,23899,Night Fears,"Former policeman Wallace Evans, now a professor, challenges Jessica to a race to solve a series of muggings on campus, and the muggings soon escalate to murder.",qlU0D8XJm3q3y2QixynFpdefIjA.jpg,8,2020-12-13 11:40:02,2021-04-21 18:21:48
158,4,23901,Thicker Than Water,"When his younger brother Wayne, the family's black sheep, becomes chief suspect in the murder of his employer, Sherrif Metzger relies on Jessica to help him keep his perspective about the case.",wZVPO5u7NOx5LWAP9cg6sFSfRyl.jpg,8,2020-12-13 11:40:02,2021-04-21 18:21:48
159,5,23902,Lines of Excellence,"Teaching a computer class seems tame, but not when Jessica is one of the students.",vN120IYHe2CfCtDNg0tmb7YyW8D.jpg,8,2020-12-13 11:40:02,2021-04-21 18:21:48
160,6,23903,Judge Not,The death of a rhythm and blues legend and subsequent murder of his bass player reopen the 20-year-old unsolved murder of the musician's wife.,ivr2s8uHtP7bagO5ZN5zCihVvMw.jpg,8,2020-12-13 11:40:02,2021-04-21 18:21:48
161,7,23904,Terminal Connection,"Evidence points to the battered wife of a powerful businessman as his killer, but Jessica establishes that there is a ling list of suspects who wished him dead.",vaqM6JaudGcKRf8x9pK82XyELlK.jpg,8,2020-12-13 11:40:02,2021-04-21 18:21:48
162,8,23905,A Killing in Vegas,Jessica stakes her life on slim odds when she investigates a murder.,c8bRJhnDND3KyvvFO8BkiIOM0wt.jpg,8,2020-12-13 11:40:02,2021-04-21 18:21:48
163,9,23906,The Committee,The governing committee of an exclusive men's club commissions Jessica to identify a rogue member's killer--who likely serves on the committee.,9rdxVwyXhacBScfnuA6cbg4TfUt.jpg,8,2020-12-13 11:40:02,2021-04-21 18:21:48
164,10,23907,The List of Yuri Lermentov,Chance possession of a secret intelligence document lands Jessica in the center of an international web of intrigue and murder.,gUbjEbbHrf6hwU29tEgbbj62Wwl.jpg,8,2020-12-13 11:40:02,2021-04-21 18:21:48
165,11,23908,Danse Diabolique,"When a beautiful ballerina dies during her preniere performance in a new ballet, Jessica is convinced it is murder.",u0gMD8cbDg0XdodrpO7Kk2L8o5M.jpg,8,2020-12-13 11:40:02,2021-04-21 18:21:48
166,12,23909,The Witch's Curse,The thespians of Cabot Cove put on a play about a 17th century woman who cursed the town before she was executed as a witch.,1ApNW3kzwpZSApTek6dbOoSWdW0.jpg,8,2020-12-13 11:40:02,2021-04-21 18:21:48
167,13,23910,Incident in Lot 7,"The Bates House of the movie, Psycho, is to be the setting of Jessica's book in the film made at Universal Studios.",2a1pODJRwLC5kAqEZ02t8EaDufz.jpg,8,2020-12-13 11:40:02,2021-04-21 18:21:48
168,14,23911,The Monte Carlo Murders,Jessica is brought into the case of a murdered financier and the theft of his wife's diamonds in Monaco.,84sn4xNmIxW6agADTBShDVks3zd.jpg,8,2020-12-13 11:40:02,2021-04-21 18:21:48
208,10,23994,Murder in White,A producer staging an adaptation of one of Jessica's novels finds no joy in London.,3fVaLohACdvvXCbenKlHHef94Kt.jpg,10,2020-12-13 11:40:02,2021-04-21 18:21:48
169,15,23912,"Tinker, Tailor, Liar, Thief","No one wants to believe that Jessica found a body in her hotel suite in London and they don't want her to believe it, either.",aI6hYlQTJ6DBYc6qDUvIxqL8Lp4.jpg,8,2020-12-13 11:40:02,2021-04-21 18:21:48
170,16,23913,Ever After,"A real life soap opera involves a soap star, her co-star, and the victim--her millionaire husband.",lzOBNeCRPdgfWJdG1Kez2o4FfCq.jpg,8,2020-12-13 11:40:02,2021-04-21 18:21:48
171,17,23914,To the Last Will I Grapple With Thee,All of Jessica's intuitive and deductive skills are called into play when she sets out to clear a university colleague of a murder charge.,tBT8ql3Z4kMLBovO1kGfHlh87gr.jpg,8,2020-12-13 11:40:02,2021-04-21 18:21:48
172,18,23915,Programmed for Murder,There is something strange about a software expert's sudden death from bleeding ulcers that just doesn't compute.,z4Ef04arBwEsD0iHEXU8t2VVlxJ.jpg,8,2020-12-13 11:40:02,2021-04-21 18:21:48
173,19,23916,Day of the Dead,"The theft of a priceless artifact from Mexico City museum leads Jessica into a labyrinth of clues, where murder is the fact behind the Mask of Montezuma.",y6Kz4V2haBIukfEgmrbTwAguIe6.jpg,8,2020-12-13 11:40:02,2021-04-21 18:21:48
174,20,23917,Angel of Death,"While Jessica is in Carmel, California, consoling a well-known playwright haunted by his wife's suicide, another family member is murdered.",ghqbhZAD9DAsCU0PP54GeA0qedS.jpg,8,2020-12-13 11:40:02,2021-04-21 18:21:48
175,21,23918,Badge of Honor,Jessica intervenes when a long-lost Army buddy of her friend Seth is accused of murder.,pCPYn9KI0D9Dh8oDOpW4M5hJLCA.jpg,8,2020-12-13 11:40:02,2021-04-21 18:21:48
176,22,23919,Murder On Madison Avenue,Jessica plays a real-life version of her own murder mystery board-game when the toy company she's working with becomes the scene of the crime.,kr4vAdE4hcnSqVWaKYyABMg5Ajn.jpg,8,2020-12-13 11:40:02,2021-04-21 18:21:48
177,1,24030,Murder in Milan,"During the Milan Film Festival, famous fim producer Catherine Wayne is murdered.",8eVFvQK6VWwuPPldgOcbqlPJiJM.jpg,9,2020-12-13 11:40:02,2021-04-21 18:21:48
178,2,24031,Family Secrets,"Jessica's former student, a reporter, returns to Cabot Cove with new evidence on a 30-year-old scandal involving two of the founding families.",AecXgsFm4QFLsJT7dWx32GCPvzm.jpg,9,2020-12-13 11:40:02,2021-04-21 18:21:48
179,3,24032,The Mole,"Jessica is mistaken for someone else and kidnapped at the airport. When the woman she is mistaken for is killed, Jessica finds the murderer.",pM9o1s3r58ZFuOxKZtOuCX4GKrf.jpg,9,2020-12-13 11:40:02,2021-04-21 18:21:48
180,4,24033,The Wind Around the Tower,"While they are visitors at an estate in Ireland, Jessica and friend Seas are convinced that their host's demise is not from natural causes.",9Guy6TK9DaP4t7spSYThlQnaE78.jpg,9,2020-12-13 11:40:02,2021-04-21 18:21:48
181,5,24034,The Dead File,"Jessica is appalled when, upon returning to New York City, she finds herself caricatured as a fox in a politically satirical comic strip with libelous dialogue.",yN7hYNVVfIum23W2GZzAQYkrDqu.jpg,9,2020-12-13 11:40:02,2021-04-21 18:21:48
182,6,24035,Night of the Coyote,The legend of a stage coach robber's hidden treasure leads to the murder of an old mining town entrepreneur.,hhk7MxkmboU49xABUSwTJ3mGRVc.jpg,9,2020-12-13 11:40:02,2021-04-21 18:21:48
183,7,24036,"Sugar & Spice, Malice & Vice",Agent Michael Hagarty is arrested for the murder of his estranged daughter's crooked fiancee.,jiAUhXJww3H4xojyOopNbXlOVu5.jpg,9,2020-12-13 11:40:02,2021-04-21 18:21:48
185,9,24038,A Christmas Secret,The return of a Gulf War veteran and his reunion with his fiancÃ©e is marred by his big secret.,AfPhu3DH4baxiCyTZqAGhLkc6Yp.jpg,9,2020-12-13 11:40:02,2021-04-21 18:21:48
186,10,24039,The Sound of Murder,The last sound the producer hears is not from a record.,j2hGtzBT7ZPAniTsnaxIjiRYnIk.jpg,9,2020-12-13 11:40:02,2021-04-21 18:21:48
187,11,24040,Final Curtain,The personal manager of a 'resting' actor dies just as his client returns to the stage.,b2e0PhOOwW8Tj34l1O25LLhdadS.jpg,9,2020-12-13 11:40:02,2021-04-21 18:21:48
188,12,24041,Double Jeopardy,The confessional is the site of the last rites as an estranged father seeks absolution from his priest son.,3MYPugVsdc2sfoiImDj9WjoFKGm.jpg,9,2020-12-13 11:40:02,2021-04-21 18:21:48
189,13,24042,Dead Eye,Are the disappearance of a private eye in 1963 and the Kennedy assassination of the same year connected?,oceGdyTu2PVtVnr3D4tUIqB6cWU.jpg,9,2020-12-13 11:40:02,2021-04-21 18:21:48
190,14,24043,Killer Radio,The prospective owner of a radio station in the prairies is killed before the sale goes through.,1vL9Qt6X6UlObcVYFA21TF3Le5n.jpg,9,2020-12-13 11:40:02,2021-04-21 18:21:48
194,18,24047,Dead to Rights,"Jessica knows her former researcher is a congenital liar, so why should she believe her now?",4GlS9HTAgnzTBqxunlz3bgB4AY1.jpg,9,2020-12-13 11:40:02,2021-04-21 18:21:48
195,19,24048,Lone Witness,A delivery boy says he was only a witness when he is found kneeling beside the victim.,6x8gKKqbvTpGNMD645Va6QfDRYX.jpg,9,2020-12-13 11:40:02,2021-04-21 18:21:48
196,20,24049,Ship of Thieves,A pleasant cruise is marred by the discovery that there are thieves on board and possibly a murderer.,f2L84MaScAzFi1oIalgikQlHc8B.jpg,9,2020-12-13 11:40:02,2021-04-21 18:21:48
197,21,24050,The Survivor,"Jessica's computer tech becomes an inadvertent target when she dates an undercover cop, whom she has just met.",zPX7ULdP1eKqAVZaQRxkMaUj3ZF.jpg,9,2020-12-13 11:40:02,2021-04-21 18:21:48
198,22,24051,Love's Deadly Desire,The death of a novelist's assistant seemed to be a case of mistaken identity.,sxTQ5lZBntVZo6XIkYwYV4u1DIa.jpg,9,2020-12-13 11:40:02,2021-04-21 18:21:48
199,1,23986,A Death in Hong Kong,A trader working on a merger dies at a Chinese banquet in Hong Kong.,7kNfhYgj1VHKttguxaNsNV4BRdd.jpg,10,2020-12-13 11:40:02,2021-04-21 18:21:48
200,2,23987,For Whom the Ball Tolls,One of the partners trying to raze a Brownstone where Hemmingway once wrote is erased--permanently.,dVuRn7bRiYHaVN0HLsYW1x6Z0Ww.jpg,10,2020-12-13 11:40:02,2021-04-21 18:21:48
201,3,23985,The Legacy of Borbey House,A new Victorian house owner is killed in the manner befitting a vampire -- a wooden stake in his chest.,zMp2VJS8qGWtPHETDEXL1YVmr5H.jpg,10,2020-12-13 11:40:02,2021-04-21 18:21:48
202,4,23988,The Phantom Killer,A media tycoon may have been killed by a literary agent who seems as substantial as smoke.,hJgH5bBqZcQMzplTYn62DWg3o1t.jpg,10,2020-12-13 11:40:02,2021-04-21 18:21:48
203,5,23989,A Virtual Murder,"Jessica is fascinated by a demo of a VR game based on her book, but, while playing it, she thinks she sees a real murder.",1q2QH2rqjHnelIihQ55ap8GijFV.jpg,10,2020-12-13 11:40:02,2021-04-21 18:21:48
204,6,23990,Bloodlines,A racehorse trainer is murdered as he is on his way to expose a racing fraud and there is some friction concerning his daughter's permission to ride in the race.,meeidkexsKOQCkcSWnTwFQHMhNq.jpg,10,2020-12-13 11:40:02,2021-04-21 18:21:48
205,7,23991,A Killing in Cork,"An American nephew, out to get the family business, gets a different kind and the Irish widow's son is suspected.",fem4YTqIqxjLtwaRRvOdWLPUCs0.jpg,10,2020-12-13 11:40:02,2021-04-21 18:21:48
206,8,23992,Love and Hate in Cabot Cove,"There are three suspects in the murder of a crooked deputy: a CPA, an illegal casino owner and his daughter's jilted lover.",bROpFVls3vOAaAbA5Xudxkw6FZo.jpg,10,2020-12-13 11:40:02,2021-04-21 18:21:48
209,11,23995,Northern Explosion,"In Canada, a land war breaks out between Native Americans and a mining company.",o8yW4xaGdjo7LLFoZNRcj5ApNHY.jpg,10,2020-12-13 11:40:03,2021-04-21 18:21:48
210,12,23996,Proof In The Pudding,"When the chef of a restaurant who recently had over half his stock bought up by a well-known mobster dies, suspicion turns to Jessica's young friend Lorna Thompson, but when the mobster himself dies, Jessica realises there is more than meets the eye to this case.",wUV8vhO9ddCGC6N1BAveUmw7Cxi.jpg,10,2020-12-13 11:40:03,2021-04-21 18:21:48
211,13,23997,Portrait of Death,A piece of sculpture does double duty as a murder weapon.,4eK1rbnYvFOYssYelUaKLRH891d.jpg,10,2020-12-13 11:40:03,2021-04-21 18:21:48
212,14,23998,Deadly Assets,"A mobster is upset when he learns that a petty thief has found an unexpected $900,000.",pRLHbR1t07Zr9PtpOy2ehAcLA3D.jpg,10,2020-12-13 11:40:03,2021-04-21 18:21:48
213,15,23999,Murder on the Thirtieth Floor,Jessica is shocked to learn that her editor has taken a flying leap from his high-rise office.,kDz3Ijp4QMhGiBA1jnAo17tGoRd.jpg,10,2020-12-13 11:40:03,2021-04-21 18:21:48
214,16,24000,Time to Die,"A step-father may have been eliminated by his step-son, a graffiti artist.",317tMunQLOKJgOd8hNLeNi4sMD6.jpg,10,2020-12-13 11:40:03,2021-04-21 18:21:48
215,17,24001,The Dying Game,An old established store has closed for the last time and its accountant won't have to find another job.,jMbDwqSCaCVVZZuFYw5uUu6Dzfq.jpg,10,2020-12-13 11:40:03,2021-04-21 18:21:48
216,18,24002,The Trouble with Seth,Seth vanishes and every one is sure there was foul play.,pR1RT8otHbtJ1l60DufDJZlfrQh.jpg,10,2020-12-13 11:40:03,2021-04-21 18:21:48
217,19,24003,Roadkill,A truck hijacker comes to the end of the road.,okE8oDc1hJzEGnr7G5WLdoQJxHE.jpg,10,2020-12-13 11:40:03,2021-04-21 18:21:48
218,20,24004,A Murderous Muse,The strict mentor of a piano prodigy is found dead.,wCqQIe1g8C76Z1VSCbC7WpcBkPw.jpg,10,2020-12-13 11:40:03,2021-04-21 18:21:48
219,21,24005,Wheel of Death,It is no sleight of hand when the crooked carnival magician is murdered.,763vDJ67Bu2cOqKiYcmme07JDez.jpg,10,2020-12-13 11:40:03,2021-04-21 18:21:48
220,1,23966,A Nest of Vipers,"When Jessica spends some time at a zoo researching her latest novel, she soon gets drawn into a case of murder when the body of Mark Atwater, the fiancÃ© of one of the zoo workers, is found murdered (death by snake venom), and another employee is charged with his murder. In the course of her investigation, she soon learns that a number of people had a motive to want Mark dead.",p7gfG9aj9subYsGtTZtOlwGVaZ7.jpg,11,2020-12-13 11:40:03,2021-04-21 18:21:48
222,3,23964,To Kill a Legend,The discovery of an old document may make Cabot Cove rewrite its history.,8cDX6upjl6fkuRyliYhYVq84kIP.jpg,11,2020-12-13 11:40:03,2021-04-21 18:21:48
223,4,23965,Death in Hawaii,"Poor Jessica can't take a vacation without finding mystery or murder. In this case, it is an election campaign gone bad.",1lo4ki5ef7KNRZw3tVyaigJvE0W.jpg,11,2020-12-13 11:40:03,2021-04-21 18:21:48
224,5,23968,Dear Deadly,"While Jessica prepares her book for serialization of her book in a newspaper, real trouble is brewing in the newsroom.",9ccd3sVAFebIBSf1wua1oZRafut.jpg,11,2020-12-13 11:40:03,2021-04-21 18:21:48
226,7,23970,Fatal Paradise,Private investigator Charlie Garrett is in luck when Jessica is in Martinique vacationing at the same time he is accused of murdering the woman he's been trying to locate for a client.,1Oj159XiAvWWXzlxoUrAjcA4Ta4.jpg,11,2020-12-13 11:40:03,2021-04-21 18:21:48
227,8,23971,Crimson Harvest,Jessica investigates two brutal murders at a struggling winery in Sonoma Valley.,3lNeNEmqZW09xOXgGttwvdDOfzc.jpg,11,2020-12-13 11:40:03,2021-04-21 18:21:48
228,9,23972,Murder by Twos,A Cabot Cove resident is killed in Jessica's garage.,31pxHM7mnG6OJ0I1TnG7JPQLfM7.jpg,11,2020-12-13 11:40:03,2021-04-21 18:21:48
229,10,23973,Murder of the Month Club,"Murder, plagiarisim, and blackmail stalk those around Jessica on her promotional book tour.",bARgPWeuHRhdOrIjESsTCviVFuj.jpg,11,2020-12-13 11:40:03,2021-04-21 18:21:48
230,11,23974,An Egg to Die For,A book fair in Miami becomes Jessica's backdrop when she teams with a Russian detective to solve an art theft and murder.,pnWFgJnYVa7kxsn2LuTJ3xFOGS5.jpg,11,2020-12-13 11:40:03,2021-04-21 18:21:48
231,12,23975,The Scent of Murder,Jessica helps Seth solve family problems when his rich southern cousin is murdered.,sVk5euFIjuoNj7u8XMKqoG1cCot.jpg,11,2020-12-13 11:40:03,2021-04-21 18:21:48
232,13,23976,Death 'n Denial,A dear friend's involvement with the theft of a priceless Egyptian relic and a murder birng Jessica to the rescue.,c3P24aIlGrcQk6cERbGYqVrUrGR.jpg,11,2020-12-13 11:40:03,2021-04-21 18:21:48
233,14,23977,Murder in High-C,"Jessica finds herself crime-solving in a highly intense world of opera while in Genoa, Italy.",AbeQpocMajOGcL4kudNLAqwvypX.jpg,11,2020-12-13 11:40:03,2021-04-21 18:21:48
234,15,23978,Twice Dead,"When a brilliant scientist fakes his own death and is then murdered, Jessica sets the record strait when the wrong man is arrested.",17jBjv8j59ytMddXFETDRF98oEJ.jpg,11,2020-12-13 11:40:03,2021-04-21 18:21:48
235,16,23979,Film Flam,Jessica sets out to prove that the death of a young movie buff is murder.,rIntyTAQpSMs7szEZ6axxunPh0v.jpg,11,2020-12-13 11:40:03,2021-04-21 18:21:48
236,17,23980,Murder a la Mode,"Parisian slave-labor sweatshops provide the setting for the crimes, and the pretentious world of fashion is where Jessica solves them.",8MNaF856LB0VWaHlUPC66kOvlV6.jpg,11,2020-12-13 11:40:03,2021-04-21 18:21:48
237,18,23981,The Dream Team,"The townspeople are concerned about a massive development on their shore and it is further complicated for Jessica since the firm employs her nephew, Grady.",qhgS1UFcemYvWvL1c69hW61irCq.jpg,11,2020-12-13 11:40:03,2021-04-21 18:21:48
238,19,23982,School for Murder,It seems that there is more than schoolboy pranks going on between a Cabot Cove prep school and its rival.,6GHpvDo6RGY9pO1FgDOpY7XXAFT.jpg,11,2020-12-13 11:40:03,2021-04-21 18:21:48
239,20,23983,Another Killing in Cork,"While Jessica is enjoying her stay at a fishing lodge in Ireland, she finds out the owner is beset by a consortium that wants to buy his land for a strip mine.",lRPz1YH6e6q3qT7t3YSsMHlqgNO.jpg,11,2020-12-13 11:40:03,2021-04-21 18:21:48
240,21,23984,"Game, Set, Murder",A domineering father forces a teenager to play beyond her desire and she suffers emotional problems.,bOBEQ0wiaWRPs9gA6eI48eWmn51.jpg,11,2020-12-13 11:40:03,2021-04-21 18:21:48
241,1,24007,Nailed,Gossip is rampant in a stylish Fifth Avenue beauty salon where an expert hair-dresser is involved in several intrigues.,2sQsHAXQaN9OEn2UGgALKuWilSi.jpg,12,2020-12-13 11:40:03,2021-04-21 18:21:48
242,2,24008,A Quaking in Aspen,"In Aspen, Colo, Jessica's friend, Laney, seems to be the best suspect in the murder of her husband, Grant Boswell.",aATlurTRjlnJw0VJ1AKcs02fbV1.jpg,12,2020-12-13 11:40:03,2021-04-21 18:21:48
252,12,24018,Kendo Killing,"Motorcycle racing in Osaka, Japan, puts a man's life in danger when he tries to wed a girl from a traditional Japanese family.",yDOfDJPBaB4Uafgz3fKScRzsTx3.jpg,12,2020-12-13 11:40:03,2021-04-21 18:21:48
253,13,24019,Death Goes Double Platinum,The members of an up-and-coming Latin instrumental band get an offer they can't refuse just when they are getting noticed by a more reputable company.,f0YPrVbCc7gMTqjX2GZAQmEfjpv.jpg,12,2020-12-13 11:40:03,2021-04-21 18:21:48
254,14,24020,Murder in Tempo,A much disliked singer gets a jolt from an electric guitar during a rehearsal for a rock concert benefit in Cabot Cove.,tMz8W0PyV1wHuSaVi4aeMZkAxcw.jpg,12,2020-12-13 11:40:03,2021-04-21 18:21:48
255,15,24021,The Dark Side of the Door,The victim of a childhood kidnapping sees more in the manuscript she is editing than coincidence would suggest.,k25JmEwAeBEsCqHIgKGLe8PD3p0.jpg,12,2020-12-13 11:40:03,2021-04-21 18:21:48
256,16,24022,Murder Among Friends,"A TV sitcom, Buds, turns out to be less friendly than the producer hoped.",zds5q1QcO9wJTbwQCQGoc8saKsD.jpg,12,2020-12-13 11:40:03,2021-04-21 18:21:48
257,17,24023,Something Foul in Flappieville,"The puppets are dancing to a different tune, much to the dismay of the young designer.",qWSk0CJJgEbSzai5jEo4EsHSym9.jpg,12,2020-12-13 11:40:03,2021-04-21 18:21:48
258,18,24024,Track of a Soldier,The scene is a guest lodge in the Grand Tetons. Two of the guests are hiding secrets. Who has the diamond?,z9t75AOtaVQk9iQ6Fl3MkrfW2yJ.jpg,12,2020-12-13 11:40:03,2021-04-21 18:21:48
259,19,24025,Evidence of Malice,Deputy Andy bought a house with numerous defects from the victim and emerges as the chief suspect.,3BDOT9ZnJwADzZBfjwXDJt3Rd5E.jpg,12,2020-12-13 11:40:03,2021-04-21 18:21:48
1,1,1478594,The Murder of Sherlock Holmes,"Former English teacher Jessica Fletcher travels to New York to celebrate the success of her debut novel, but when an unwanted guest is murdered at a costume party, she wishes she'd stayed home.",8QEmSqI8GYiDUCLtceHkOWZVJ7r.jpg,1,2020-12-13 11:39:59,2021-04-21 18:21:48
2,2,23796,Deadly Lady,"After a terrible storm, Stephen Earl's four daughters tell Sheriff Tupper that their father died while they were out on the boat. Jessica is only midly intrigued; she finds Ralph, the older gentleman who has offered to work for food, much more intriguing, especially since it is obvious he comes from money. The womens' stories about what happened on the boat change constantly, but once Ralph is found dead and later found to be Stephen Earl, Jessica has to help Amos wage through the inconsistencies in the four Earl daughters storylines to determine who killed their father and why.",vfnAKtu9nqvbDs1rj6GyPsoeo2N.jpg,1,2020-12-13 11:39:59,2021-04-21 18:21:48
87,21,23876,Deadpan,"Two critics take opposite views of a play based on one of Jessica's novels, 'Mainly Murder'. One is suspected of the murder of the other.",pdCj905spRbHS5bl2cTFkD3Gk3t.jpg,4,2020-12-13 11:40:01,2021-04-21 18:21:48
94,6,23949,Wearing of the Green,A Fletcher novel is the entree to a legendary actress who is a hermit refusing to meet anyone. The occasion is the theft of a famous tiara.,6su67oS2xVYAkzVUKI8ZTR0UheH.jpg,5,2020-12-13 11:40:01,2021-04-21 18:21:48
122,12,23931,Goodbye Charlie,"Three sets of people try to claim the body found on the railroad track--a nephew, a daughter and a wife. Jessica narrates this story.",1j1hoHQD1XhF8evJUrLhuAlfcGC.jpg,6,2020-12-13 11:40:01,2021-04-21 18:21:48
130,20,23939,Shear Madness,Jessica's cousin is left waiting at the church when her fiancÃ©e is murdered in a similar fashion to a murder 15 years ago for which her brother was blamed.,ykQTUY8FKyOMzfA0fe1IPmOpikn.jpg,6,2020-12-13 11:40:01,2021-04-21 18:21:48
263,23,24029,Mrs. Parker's Revenge,Jessica somehow gets tangled in a situation involving a deadly virus and an arms deal.,8EqW0Z5txXtvUz2sRrLtI8jbvyH.jpg,12,2020-12-13 11:40:03,2021-04-21 18:21:48
264,24,24006,Death by Demographics,"In San Francisco, a radio station's new manager is trying to change their image by firing every staff member who is past a certain age and playing music for teen-agers only.",haWPZ72rmLLoJ0KOSK9gqRQDC2K.jpg,12,2020-12-13 11:40:03,2021-04-21 18:21:48
225,6,23969,The Murder Channel,"In a friend's apartment, Jessica and her friends are amused by and then puzzled by the strange drama unfolding on TV.",c9mhbM2zYNNGxR22nlKU6vuTBc0.jpg,11,2020-12-13 11:40:03,2021-04-21 18:21:48
247,7,24013,Nan's Ghost (2),"Jessica is trapped in the rat-infested dungeon of an ancient Irish castle, but uses her ingenuity to get rescued and find the treasure and a murderer.",excRNgNwiCYwxh86YEQclMwtR7J.jpg,12,2020-12-13 11:40:03,2021-04-21 18:21:48
260,20,24026,Southern Double-Cross,Jessica is booked for a seminar in Australia when she gets word that she may have claim to an inheritance in the area--land used for sheep grazing. The natives are not all happy with this.,9iar5jZsu53cXE8BP84qmvAxwCt.jpg,12,2020-12-13 11:40:03,2021-04-21 18:21:48
67,1,23861,A Fashionable Way to Die,"Ooh la la! Jessica travels to gay Paris to spend some time with an old friend... and finds herself entangled in a case involving fashion, finance and murder.",s4e1.jpg,4,2020-12-13 11:40:00,2021-04-21 18:21:48
